"mss","mu0","phi0","ppEffCrit","ppFutCrit","pmp","n1_targ","n2_targ","futOnly","enrScale","numAlt","trr1","trr2","trr3","trr4","trr5","rr1","rr2","rr3","rr4","rr5","FWER","nerr","fut1","fut2","fut3","fut4","fut5","aveSS1","aveSS2","aveSS3","aveSS4","aveSS5","medSS1","medSS2","medSS3","medSS4","medSS5","minSS1","minSS2","minSS3","minSS4","minSS5","maxSS1","maxSS2","maxSS3","maxSS4","maxSS5","aveSSovr","PM1","PM2","PM3","PM4","PM5","SP1","SP2","SP3","SP4","SP5","PP1","PP2","PP3","PP4","PP5","BIAS1","BIAS2","BIAS3","BIAS4","BIAS5","MSE1","MSE2","MSE3","MSE4","MSE5","aveDur","esProb1","esProb2","nbCont1","nbCont2"
4,0.45,1,0.985,0.275,0,7,16,1,1,0,0.15,0.15,0.15,0.15,0.15,0.0064,0.00684,0.00644,0.00632,0.0068,0.02968,1.10512129380054,0.80836,0.80876,0.80324,0.808,0.81208,10.4346,10.45944,10.52936,10.45568,10.41284,8,8,8,8,8,4,4,4,4,4,38,40,38,39,38,52.29192,0.148270603453833,0.148406179821147,0.149172510821332,0.148776420807679,0.148492947522823,0.121655619889535,0.121717804757245,0.123328367900477,0.12227521055011,0.122048189806145,0.451725978929102,0.452167160019208,0.454844280064133,0.453072084760107,0.451826713566915,-0.00172939654616644,-0.00159382017885373,-0.000827489178667499,-0.00122357919232116,-0.00150705247717737,0.0036243516950239,0.00361437170560435,0.00365735251011683,0.00371923232864003,0.00367371900009885,7.74864008206904,0.49544,0.50456,0.95512,0.92676
4,0.45,1,0.985,0.275,0,7,16,1,1,1,0.45,0.15,0.15,0.15,0.15,0.70528,0.01312,0.01256,0.01328,0.01312,0.0486,1.07160493827161,0.1864,0.71468,0.70972,0.70936,0.71432,19.27752,11.98648,12.03112,12.01744,11.96988,22,9,9,9,9,4,4,4,4,4,45,40,42,44,41,67.28244,0.390018480174468,0.160586518097818,0.160712801330714,0.160997811007958,0.160035062349133,0.426504007786097,0.117273850627244,0.117409467236314,0.117704523404456,0.116306091828299,0.906100714241746,0.484088401901517,0.484532855857081,0.485220217607045,0.481885612861194,-0.0599815198255295,0.0105865180978176,0.010712801330714,0.0109978110079581,0.0100350623491334,0.0260178946784258,0.00473199763189498,0.00472299295131876,0.00477048689966266,0.00477431599474189,10.1237470894055,0.2012,0.7988,1.88984,1.20816
4,0.45,1,0.985,0.275,0,7,16,1,1,2,0.45,0.45,0.15,0.15,0.15,0.78716,0.79052,0.01836,0.01876,0.0192,0.05324,1.05785123966942,0.12216,0.11948,0.62968,0.62644,0.62556,20.68524,20.66244,13.30992,13.31964,13.40728,22,22,10,10,10,4,4,4,4,4,46,43,41,41,46,81.38452,0.412451159916457,0.412406802132817,0.168418056473529,0.168251796650579,0.16876545081587,0.432343215030955,0.432274054038288,0.114691375766093,0.114616764303083,0.115520196931237,0.935619041956258,0.937122072995381,0.501175200992902,0.501292831463372,0.503215027142388,-0.0375488400835425,-0.0375931978671826,0.0184180564735284,0.0182517966505787,0.0187654508158698,0.0181544831184821,0.0179625978414038,0.00567162528263651,0.0055307348035743,0.00558686953673342,10.9832926167633,0.09292,0.90708,2.77052,1.24268
4,0.45,1,0.985,0.275,0,7,16,1,1,3,0.45,0.45,0.45,0.15,0.15,0.83428,0.8312,0.83172,0.03104,0.02908,0.0554,1.08519855595668,0.08332,0.08564,0.08464,0.55116,0.546,21.3984,21.41464,21.48396,14.55764,14.61048,22,22,23,11,11,4,4,4,4,4,41,45,47,42,41,93.46512,0.424062383685973,0.423216598040324,0.424103385906428,0.176383787098557,0.17656817924398,0.435525840983025,0.434130248609957,0.435299952387805,0.1134872206175,0.11406825318995,0.951830177599426,0.950654231895205,0.951659560668753,0.519960089803344,0.521097858475155,-0.0259376163140265,-0.0267834019596745,-0.0258966140935729,0.0263837870985572,0.0265681792439798,0.0137113354303255,0.0138752492911311,0.0137961131907051,0.00697278350086571,0.00690295179492742,11.2561835527812,0.05684,0.94316,3.52448,1.09192
4,0.45,1,0.985,0.275,0,7,16,1,1,4,0.45,0.45,0.45,0.45,0.15,0.8672,0.87216,0.87068,0.87592,0.05828,0.05828,1,0.06004,0.05952,0.06208,0.0582,0.45204,21.76536,21.82348,21.7514,21.80036,15.9802,23,23,23,23,17,4,4,4,4,4,44,45,46,46,43,103.1208,0.433101077473698,0.433202302290838,0.432162939541172,0.43384278697871,0.196841022882314,0.438975439047114,0.438774443884386,0.437485017572357,0.439853273655213,0.117714911219949,0.963531441355402,0.963103941847703,0.961894950078095,0.963978485221974,0.566473954732785,-0.0168989225263018,-0.0167976977091597,-0.0178370604588277,-0.0161572130212904,0.0468410228823132,0.0108975985551283,0.010947357047241,0.011066140505713,0.0109093148946235,0.0105538112696896,11.3272184808725,0.04872,0.95128,4.13064,0.76388
4,0.45,1,0.985,0.275,0,7,16,1,1,5,0.45,0.45,0.45,0.45,0.45,0.91952,0.91816,0.91952,0.9176,0.9238,0,0,0.03784,0.03988,0.03924,0.04052,0.03628,20.98684,20.87688,20.98608,20.91476,20.95736,22,22,22,22,22,4,4,4,4,4,44,45,45,44,45,104.72192,0.450247211604168,0.44962839435781,0.450342763331951,0.44957918864958,0.451346645787378,0.448305617356354,0.446992451718448,0.448273125677906,0.446987180184569,0.4497945635356,0.976676383683158,0.975757265718677,0.976408234893744,0.975822116100079,0.977760891529565,0.000247211604170055,-0.000371605642189361,0.000342763331951909,-0.000420811350419298,0.00134664578737834,0.00863639122193289,0.0086640228918776,0.00860296420218459,0.0086642597766565,0.00849726544810751,10.7564652509801,0.11912,0.88088,4.22816,0.20764
4,0.45,1,0.985,0.275,0,7,16,1,1,3,0.05,0.15,0.25,0.35,0.45,8e-05,0.0214,0.19228,0.5152,0.78896,0.02148,1,0.89132,0.64704,0.41372,0.24288,0.13008,9.157,13.04188,16.60128,19.1472,20.65696,8,9,19,21,22,4,4,4,4,4,37,45,46,46,49,78.60432,0.120894353587427,0.16685461767483,0.237650210707967,0.317787053389939,0.397220733420896,0.0360789159713505,0.113720721487195,0.20885743272839,0.316997689647401,0.429787235661101,0.33493843249967,0.500126183273261,0.70121995707883,0.852161030943616,0.935171231316928,0.0708943535874269,0.0168546176748297,-0.0123497892920326,-0.0322129466100612,-0.0527792665791043,0.0077909323392808,0.00604696788798697,0.0105395698235475,0.0152123390053388,0.0190759728965274,10.9381170071521,0.09588,0.90412,2.59876,1.15704
4,0.45,1,0.985,0.275,0,7,16,1,1,4,0.15,0.3,0.3,0.3,0.45,0.04076,0.41124,0.41748,0.41328,0.83644,0.04076,1,0.56048,0.26408,0.26388,0.26412,0.0976,14.42468,19.05084,19.074,19.03956,21.52252,11,21,21,21,23,4,4,4,4,4,42,49,48,44,45,93.1116,0.190067265657949,0.285521237431089,0.286285156900351,0.285908975428535,0.395848704360733,0.114409414231138,0.264123534149594,0.265298726637044,0.264941076711652,0.4323065775718,0.603482208807013,0.839048020562412,0.840172699542248,0.839565156265793,0.955823706698357,0.040067265657948,-0.0144787625689112,-0.0137148430996496,-0.0140910245714664,-0.0541512956392671,0.00673072512293986,0.00959433880778435,0.00950982599668158,0.00955686058878792,0.0157236871205544,11.3296356351817,0.04812,0.95188,3.50172,1.43064
4,0.45,1,0.985,0.275,0,7,16,1,1,3,0.15,0.15,0.3,0.3,0.3,0.02388,0.0236,0.3338,0.3344,0.32928,0.04456,1.06552962298025,0.65788,0.65612,0.35008,0.34992,0.35072,12.84156,12.8872,17.64348,17.69508,17.67848,9,9,20,20,20,4,4,4,4,4,39,40,42,44,42,78.7458,0.175589639300234,0.175561547977686,0.262377414258316,0.263014730456603,0.261799753263425,0.115369708641653,0.115710526100992,0.25909486575006,0.260211766092086,0.258247424558191,0.566642764528848,0.566726208104639,0.803566003547459,0.804783883221843,0.803651577491159,0.025589639300234,0.0255615479776859,-0.0376225857416843,-0.0369852695433981,-0.0382002467365749,0.00505407253220156,0.00502537135894284,0.0105380526303295,0.0105807778331585,0.010350217244131,10.7376953159852,0.12224,0.87776,2.61044,1.59032
4,0.45,1,0.985,0.275,0,7,16,1,0.5,0,0.15,0.15,0.15,0.15,0.15,0.00728,0.00636,0.00652,0.0074,0.006,0.03092,1.08538163001294,0.80304,0.80644,0.8044,0.80756,0.80532,10.53176,10.48716,10.53452,10.47536,10.49168,8,8,8,8,8,4,4,4,4,4,40,43,38,43,41,52.52048,0.148801556837808,0.14856241621467,0.148979150872636,0.149493612504794,0.148689704151504,0.122498857193893,0.122257533555818,0.122869671093495,0.123719894548406,0.122248180517725,0.453961175722215,0.452906303540847,0.45424865431162,0.455653364510156,0.453124133225802,-0.00119844316219208,-0.00143758378533062,-0.00102084912736369,-0.000506387495206645,-0.00131029584849583,0.00369725770725137,0.00368348534513429,0.00371216337480582,0.00375929389327244,0.00365781756412132,7.79949757292749,0.48844,0.51156,0.96828,0.93968
4,0.45,1,0.985,0.275,0,7,16,1,0.5,1,0.45,0.15,0.15,0.15,0.15,0.51696,0.00988,0.01028,0.01128,0.01064,0.03908,1.07676560900716,0.27864,0.785,0.78432,0.7822,0.78272,12.93052,13.55528,13.54512,13.58092,13.5944,14,10,10,10,10,4,4,4,4,4,29,54,58,53,50,67.20624,0.365922995280112,0.157518635227777,0.157689158979399,0.158292076911721,0.158460824391571,0.407820330743471,0.122421462004199,0.122678485674299,0.123740635973404,0.124171819263204,0.845423128927863,0.485421146825786,0.485682645092525,0.488405499240609,0.488346862280434,-0.0840770047198897,0.00751863522777624,0.00768915897939922,0.00829207691172155,0.00846082439157069,0.0375240413036677,0.00390877742628038,0.00398651440322232,0.00393725824109819,0.00403001503629854,13.5585343732963,0.2514,0.7486,1.5376,1.02808
4,0.45,1,0.985,0.275,0,7,16,1,0.5,2,0.45,0.45,0.15,0.15,0.15,0.66092,0.65964,0.01484,0.01596,0.0148,0.04252,1.07243650047037,0.18776,0.18684,0.75228,0.75348,0.75296,15.52112,15.5624,16.34812,16.27884,16.32184,17,17,13,12,13,4,4,4,4,4,42,39,61,59,59,80.03232,0.398123423733666,0.397900405263683,0.164165564652867,0.164334614127605,0.163445325035228,0.42130857399142,0.420743245704858,0.124482229288198,0.124282772197687,0.123094210591969,0.900264115859859,0.900036101988284,0.507488148395515,0.507759752814189,0.505023918237458,-0.0518765762663351,-0.0520995947363165,0.0141655646528671,0.0143346141276055,0.0134453250352283,0.0255174903314575,0.0255046719300417,0.00434059256530697,0.00442027234542673,0.00432369234820619,16.9952635602287,0.13232,0.86768,2.25924,1.00052
4,0.45,1,0.985,0.275,0,7,16,1,0.5,3,0.45,0.45,0.45,0.15,0.15,0.75956,0.75716,0.76084,0.02096,0.02036,0.03792,1.08966244725738,0.11736,0.11624,0.11716,0.70496,0.70076,18.02396,17.99288,17.96712,19.13656,19.31192,19,19,19,14,15,4,4,4,4,4,45,42,44,62,64,92.43244,0.417736952854017,0.417767188356137,0.41750821608501,0.169545000064162,0.16989669153911,0.42965891015279,0.429332329047606,0.429113596734664,0.124056873518381,0.125005249999125,0.932517572598232,0.933542193374376,0.933275171491904,0.525629514514996,0.527540793919149,-0.0322630471459835,-0.0322328116438624,-0.0324917839149895,0.0195450000641617,0.0198966915391098,0.0180930542673939,0.0177790061163238,0.0177728212077468,0.00492906770504662,0.00493927099330522,19.3102098929588,0.0668,0.9332,3.12276,0.92464
4,0.45,1,0.985,0.275,0,7,16,1,0.5,4,0.45,0.45,0.45,0.45,0.15,0.82852,0.82944,0.83104,0.83108,0.03748,0.03748,1,0.0746,0.07612,0.07724,0.07908,0.61172,19.89184,19.88164,19.83156,19.87212,23.34688,21,21,21,21,17,4,4,4,4,4,44,46,45,44,66,102.82404,0.42905515395616,0.428856548914868,0.428768545942185,0.429242740516198,0.179386821265312,0.433909492870596,0.434132144154928,0.434167598994027,0.434376520600789,0.1251548667626,0.954761259332372,0.953865630135905,0.953134077006678,0.952775597074647,0.551882563538671,-0.0209448460438396,-0.0211434510851307,-0.021231454057815,-0.0207572594838031,0.0293868212653129,0.0127325795290388,0.0127922473176194,0.0129414226709226,0.0129327848667415,0.00675598098767422,20.9115013446704,0.04276,0.95724,3.94228,0.72368
4,0.45,1,0.985,0.275,0,7,16,1,0.5,5,0.45,0.45,0.45,0.45,0.45,0.91592,0.92044,0.9206,0.91584,0.92024,0,0,0.0408,0.03992,0.03776,0.04116,0.03832,20.8046,20.83124,20.8388,20.77404,20.86688,22,22,22,22,22,4,4,4,4,4,47,45,44,42,44,104.11556,0.450190423948295,0.450778456369769,0.451040848440874,0.449735642120424,0.451199370794637,0.447900060010808,0.448612157102104,0.449292293096781,0.447221989209847,0.449246861193201,0.974463561628853,0.975127036537576,0.976546500325518,0.974547473081648,0.976551261940647,0.000190423948295535,0.000778456369771763,0.00104084844087476,-0.000264357879573668,0.0011993707946373,0.00897889343313449,0.00877771508012541,0.00856261474480863,0.00890068456143105,0.00865581838762824,21.4061442993581,0.12572,0.87428,4.19356,0.209
4,0.45,1,0.985,0.275,0,7,16,1,2,0,0.15,0.15,0.15,0.15,0.15,0.00668,0.00668,0.00628,0.00664,0.00648,0.02992,1.09491978609626,0.80424,0.80196,0.80596,0.80756,0.80364,10.49212,10.53856,10.52796,10.4498,10.56048,8,8,8,8,8,4,4,4,4,4,43,37,38,39,50,52.56892,0.148455079376339,0.148974199744468,0.148479047919794,0.148407058505441,0.148821642637109,0.121991853644216,0.122795109122154,0.122243492614344,0.122182483779295,0.122789846617975,0.451948455560473,0.454153960095774,0.452360431975149,0.452130707660096,0.454207119802057,-0.00154492062366083,-0.00102580025553221,-0.00152095208020592,-0.00159294149455941,-0.00117835736289163,0.0037015045347783,0.00375084700016104,0.0036803445541711,0.00360402379306266,0.00363819135062943,15.5715515845526,0.48892,0.51108,0.97168,0.94388
4,0.45,1,0.985,0.275,0,7,16,1,2,1,0.45,0.15,0.15,0.15,0.15,0.85988,0.01376,0.01532,0.01488,0.015,0.05556,1.06119510439165,0.10384,0.64332,0.64292,0.63828,0.64072,31.35784,11.01296,11.00212,11.04888,11.02632,34,9,8,9,9,4,4,4,4,4,73,40,38,36,46,75.44812,0.412599491866516,0.163554732652194,0.163543757658345,0.16452347016201,0.163864936479928,0.440977828850525,0.113226137102232,0.112948408619555,0.114639700150473,0.113440992943402,0.959766057954664,0.477606004502515,0.47669074917543,0.480460845496053,0.478011987548355,-0.0374005081334835,0.0135547326521942,0.0135437576583447,0.01452347016201,0.013864936479929,0.0151801600595979,0.00581822977830056,0.0058722444064952,0.00589318715316674,0.00584099114590421,16.2445594275738,0.1642,0.8358,2.2296,1.41208
4,0.45,1,0.985,0.275,0,7,16,1,2,2,0.45,0.45,0.15,0.15,0.15,0.89552,0.8938,0.02476,0.0246,0.0246,0.06756,1.0947306098283,0.06808,0.06752,0.5438,0.54144,0.54036,29.35248,29.36772,10.93104,10.95144,10.98248,31,31,10,10,10,4,4,4,4,4,64,68,34,36,35,91.58516,0.425521329599195,0.424501512195749,0.175331591106834,0.174900407165576,0.175931932014102,0.442024322797695,0.440792784488742,0.111056285178441,0.110667946292471,0.112057462763751,0.968924420540797,0.968507326113405,0.4961111528838,0.49492524094556,0.498052394979329,-0.0244786704008046,-0.0254984878042516,0.0253315911068337,0.0249004071655755,0.0259319320141021,0.0108465433062613,0.0108624485143589,0.00790057148130377,0.00787180508897669,0.00798134500602493,15.1985107720322,0.09796,0.90204,3.07756,1.37552
4,0.45,1,0.985,0.275,0,7,16,1,2,3,0.45,0.45,0.45,0.15,0.15,0.9062,0.90772,0.91092,0.037,0.037,0.06772,1.09273479031305,0.04876,0.04948,0.04832,0.467,0.47468,27.18176,27.11512,27.16768,10.62232,10.55952,28,28,28,11,10,4,4,4,4,4,61,69,65,35,34,102.6464,0.433642904746472,0.43307941140162,0.433684798754898,0.192224681154466,0.191431465806486,0.444373800332978,0.443425795543721,0.44452779531068,0.110842408003343,0.109337679008394,0.973097243714599,0.972697335559281,0.973716416311232,0.531214590576266,0.528890452824762,-0.0163570952535281,-0.0169205885983801,-0.0163152012451026,0.0422246811544661,0.0414314658064854,0.00927687159998961,0.0093102196801265,0.00903810905939044,0.0103608071646538,0.0102049205902057,13.9611806719693,0.08312,0.91688,3.68156,1.11292
4,0.45,1,0.985,0.275,0,7,16,1,2,4,0.45,0.45,0.45,0.45,0.15,0.91164,0.90956,0.911,0.91032,0.08508,0.08508,1,0.0418,0.0438,0.04412,0.04396,0.34236,25.1276,25.01316,25.0784,25.01476,10.37832,26,26,26,25,11,4,4,4,4,4,66,64,58,68,27,110.61224,0.438611805808305,0.437769647744585,0.437732285601853,0.437896107633089,0.232525192713519,0.444245193274515,0.442988015951253,0.443348532253269,0.44287271986477,0.125895788007752,0.974447616081159,0.973665518995451,0.97328657823175,0.973445144701051,0.616875630755586,-0.0113881941916954,-0.012230352255415,-0.0122677143981484,-0.0121038923669099,0.082525192713519,0.00865805313701126,0.008745703990223,0.00886895043602353,0.00884783388616257,0.0181720129560434,12.8574423389341,0.06204,0.93796,4.23236,0.75636
4,0.45,1,0.985,0.275,0,7,16,1,2,5,0.45,0.45,0.45,0.45,0.45,0.91948,0.9214,0.91768,0.92504,0.92056,0,0,0.03924,0.03828,0.0384,0.03548,0.03724,20.9276,20.96528,20.85992,20.91956,20.92112,22,22,22,22,22,4,4,4,4,4,46,46,46,44,45,104.59348,0.449839972881068,0.450290437647585,0.450430667846118,0.451633969061553,0.451338617371931,0.447454285871962,0.44793744025404,0.448186594637692,0.450328841468516,0.449705797119037,0.975663274259711,0.976816075295772,0.976407805438446,0.97803477712379,0.977029194591099,-0.000160027118930607,0.000290437647584717,0.000430667846118299,0.00163396906155414,0.00133861737193219,0.0087438606084191,0.00856705359380142,0.00871248260357599,0.00845983617963183,0.00866989037845475,10.7339143502077,0.12236,0.87764,4.21876,0.2072
4,0.45,1,0.985,0.275,2,7,16,1,1,0,0.15,0.15,0.15,0.15,0.15,0.00912,0.01072,0.0112,0.00988,0.01132,0.04972,1.05068382944489,0.71256,0.71232,0.71232,0.70848,0.70892,12.01064,11.97508,11.9902,12.0262,12.01876,9,9,9,9,9,4,4,4,4,4,41,41,39,43,41,60.02088,0.148148854416833,0.148515427168351,0.148495362772674,0.148962465286791,0.148644617705954,0.116207378158156,0.116427297096468,0.116489576833361,0.117167993909632,0.116656556528174,0.441329295501432,0.441839613533989,0.441214926179623,0.44391221552764,0.44200047766288,-0.00185114558316786,-0.00148457283164914,-0.00150463722732576,-0.00103753471320935,-0.00135538229404597,0.00472656952292906,0.00492399049455372,0.00497293627615281,0.00492318359104765,0.00498290615682333,9.89418625456904,0.22624,0.77376,1.43468,1.39316
4,0.45,1,0.985,0.275,2,7,16,1,1,1,0.45,0.15,0.15,0.15,0.15,0.7798,0.0128,0.01292,0.0136,0.01336,0.051,1.03294117647059,0.11296,0.68208,0.68128,0.67744,0.67488,20.304,12.45664,12.4764,12.52312,12.5638,22,9,9,9,9,4,4,4,4,4,47,40,41,42,43,70.32396,0.423268001362046,0.152567584077689,0.152551200484241,0.153064968436596,0.152825058904235,0.436032745813991,0.114124595063838,0.114164856078009,0.114964851950211,0.114778420126551,0.932546533542196,0.450662167460379,0.450515678845239,0.453155044357143,0.451937104965796,-0.0267319986379536,0.00256758407768958,0.00255120048424095,0.0030649684365969,0.00282505890423515,0.0210466641844933,0.00536332650415491,0.00540688547335821,0.0052993917119679,0.0053320040540811,10.7449058310227,0.12012,0.87988,2.08192,1.33888
4,0.45,1,0.985,0.275,2,7,16,1,1,2,0.45,0.45,0.15,0.15,0.15,0.80948,0.8086,0.0154,0.01484,0.01604,0.0446,1.03766816143498,0.09588,0.09616,0.64236,0.64872,0.64492,20.92036,20.95632,13.11256,13.04856,13.0498,22,22,10,9,9,4,4,4,4,4,45,44,40,43,42,81.0876,0.428481159252264,0.427670538736086,0.156557875044468,0.156770884511104,0.157782671689443,0.436003484721601,0.435139812828058,0.113438978985255,0.11341527303551,0.114591619276921,0.941203696573286,0.941078379374944,0.461265197574202,0.461993003606466,0.465263987959633,-0.0215188407477367,-0.0223294612639134,0.00655787504446789,0.00677088451110406,0.00778267168944277,0.0178293200662257,0.0177873948992758,0.00570601490543189,0.00564912247957187,0.00577736211120408,11.1010192778871,0.07728,0.92272,2.75124,1.2076
4,0.45,1,0.985,0.275,2,7,16,1,1,3,0.45,0.45,0.45,0.15,0.15,0.82992,0.83168,0.82996,0.01908,0.01952,0.038,1.01578947368421,0.084,0.08288,0.08504,0.61324,0.60952,21.39272,21.45348,21.4268,13.59332,13.58484,22,23,23,10,10,4,4,4,4,4,43,46,47,43,42,91.45116,0.431906044523095,0.43187799071704,0.431657344477127,0.160750024280036,0.161584808420357,0.435300346585991,0.435224020460058,0.434939910926172,0.112510691103724,0.113113526982022,0.947909439835294,0.948256064242325,0.946422306753624,0.471309443104564,0.473754125242456,-0.0180939554769052,-0.0181220092829623,-0.0183426555228735,0.0107500242800363,0.0115848084203573,0.0155632164430608,0.0153771316611475,0.0157956705446587,0.00615250868543024,0.0062251621777181,11.3043977891801,0.05144,0.94856,3.40072,0.99516
4,0.45,1,0.985,0.275,2,7,16,1,1,4,0.45,0.45,0.45,0.45,0.15,0.8488,0.85184,0.8498,0.85248,0.02552,0.02552,1,0.0734,0.06888,0.0714,0.06996,0.58564,21.6388,21.74332,21.62324,21.67696,13.99004,23,23,22,23,10,4,4,4,4,4,47,48,49,45,43,100.67236,0.435776453448792,0.437052589992685,0.435915025342924,0.437077707488034,0.166773650260028,0.43572041128291,0.437360863618948,0.435967505760381,0.437239380788862,0.112263798926978,0.952735820204076,0.955955767080415,0.954224365509382,0.954923035542488,0.485282305130868,-0.0142235465512093,-0.0129474100073161,-0.0140849746570768,-0.0129222925119666,0.0167736502600274,0.0140803175454921,0.0135706189449832,0.0137468022495377,0.0137221449369587,0.00697245243051352,11.3528852160798,0.0444,0.9556,3.97624,0.70228
4,0.45,1,0.985,0.275,2,7,16,1,1,5,0.45,0.45,0.45,0.45,0.45,0.87056,0.86708,0.86908,0.87032,0.86976,0,0,0.06108,0.06412,0.06144,0.06192,0.0604,21.83296,21.82356,21.82784,21.82716,21.80724,23,23,23,23,23,4,4,4,4,4,49,43,48,50,49,109.11876,0.442122148530773,0.439875765239823,0.440879501423972,0.441214704530908,0.440857879134335,0.439093144007552,0.436170660691169,0.437617916020844,0.438010279122789,0.437536751648456,0.960544531458177,0.958209428898212,0.959762328028696,0.959532911341001,0.959809800424247,-0.00787785146922771,-0.0101242347601774,-0.00912049857602794,-0.00878529546909076,-0.00914212086566544,0.0124136470705222,0.0126966531605968,0.0124013707438623,0.0124259818812415,0.0125263974908162,11.3698059855306,0.04192,0.95808,4.50548,0.34424
4,0.45,1,0.985,0.275,2,7,16,1,1,3,0.05,0.15,0.25,0.35,0.45,8e-05,0.01612,0.17816,0.52404,0.82136,0.0162,1,0.90992,0.65536,0.40224,0.214,0.0902,8.85448,12.92796,16.82028,19.51704,21.19068,8,9,19,22,22,4,4,4,4,4,36,39,42,44,44,79.31044,0.100042142626367,0.156283405410969,0.232962976891481,0.325665495230158,0.425074192808692,0.0360269801302934,0.112240199758232,0.20751633385816,0.319349174517248,0.437003259403211,0.255020799298376,0.463144242001421,0.689334976574715,0.853785261213945,0.945905899196627,0.0500421426263669,0.00628340541096922,-0.0170370231085197,-0.0243345047698425,-0.0249258071913074,0.00495934107059098,0.00586710340315045,0.011214361330866,0.0162387675994655,0.0171224652468964,11.1899237495874,0.0668,0.9332,2.63908,1.18852
4,0.45,1,0.985,0.275,2,7,16,1,1,4,0.15,0.3,0.3,0.3,0.45,0.02048,0.36612,0.36744,0.37104,0.83196,0.02048,1,0.62592,0.27272,0.27324,0.27516,0.08728,13.38884,18.91996,18.91428,18.85728,21.68084,10,21,21,21,23,4,4,4,4,4,42,44,43,49,43,91.7612,0.164885491266939,0.280878951662764,0.281315734420913,0.281630942273945,0.419021838627795,0.111982549858594,0.26186737641349,0.262451068535222,0.262582856574074,0.432119363738211,0.50250779985663,0.805743204739679,0.807217923152365,0.805729388013119,0.950432832887596,0.0148854912669394,-0.0191210483372352,-0.0186842655790882,-0.0183690577260545,-0.0309781613722037,0.00571504710917623,0.0121266206002267,0.0119799968155605,0.0123805571335192,0.0157301260595165,11.4716619504575,0.03044,0.96956,3.41792,1.50864
4,0.45,1,0.985,0.275,2,7,16,1,1,3,0.15,0.15,0.3,0.3,0.3,0.01712,0.01684,0.33916,0.34268,0.34036,0.03332,1.01920768307323,0.65524,0.6628,0.30196,0.301,0.30012,12.88576,12.78564,18.4136,18.40944,18.44204,9,9,21,21,21,4,4,4,4,4,42,42,44,49,43,80.93648,0.160444796486406,0.159470360868704,0.272212359995987,0.272973572541456,0.272380178023161,0.113973410450333,0.112388280284993,0.261195569650478,0.262081440905301,0.261434484463018,0.491223959824398,0.487738721181599,0.792343182477833,0.792945933027306,0.791367606976051,0.0104447964864052,0.00947036086870424,-0.0277876400040138,-0.027026427458544,-0.0276198219768396,0.0053382837396168,0.00524541660614435,0.0125141615664287,0.0126484556984854,0.0128018455058519,11.3232465867622,0.04756,0.95244,2.746,1.72272
4,0.45,1,0.985,0.275,2,7,16,1,0.5,0,0.15,0.15,0.15,0.15,0.15,0.01012,0.01076,0.01076,0.01028,0.01068,0.05036,1.04447974583002,0.72104,0.71524,0.70884,0.71272,0.7144,11.85632,11.9306,12.00448,11.98348,11.95124,9,9,9,9,9,4,4,4,4,4,41,41,39,42,38,59.72612,0.14796578218582,0.148066527184218,0.148472175565352,0.148529749704655,0.147961916653749,0.115638857899088,0.115892046874935,0.116450986264381,0.116589799206191,0.115830663878211,0.439291662050857,0.439845296260998,0.441016590099085,0.441732060475498,0.43952008237877,-0.00203421781417968,-0.00193347281578244,-0.00152782443464703,-0.00147025029534468,-0.00203808334625106,0.00481514070941901,0.0048756020640891,0.0049677429921743,0.00495200374387479,0.00483183925002734,9.87462187408725,0.23096,0.76904,1.41768,1.37516
4,0.45,1,0.985,0.275,2,7,16,1,0.5,1,0.45,0.15,0.15,0.15,0.15,0.64944,0.01244,0.0124,0.0116,0.0114,0.04588,1.04272013949433,0.12032,0.73828,0.73956,0.74376,0.7388,13.98956,14.45456,14.44496,14.36756,14.50336,15,11,11,11,11,4,4,4,4,4,30,50,53,55,52,71.76,0.424145512099751,0.15277715676502,0.151762432332865,0.151722238931336,0.151826001905905,0.441122075511967,0.120903064160365,0.119694177686054,0.119558745669849,0.120117835313062,0.904397108275819,0.461143972514693,0.45683331272165,0.45748826227889,0.458164762074756,-0.0258544879002489,0.00277715676502009,0.00176243233286467,0.00172223893133577,0.00182600190590481,0.0290288005929921,0.00463647627865935,0.00469042913456526,0.00456676404260923,0.00458553645664697,14.5595368867508,0.14128,0.85872,1.82448,1.222
4,0.45,1,0.985,0.275,2,7,16,1,0.5,2,0.45,0.45,0.15,0.15,0.15,0.71944,0.718,0.0134,0.01364,0.01248,0.03852,1.02596053997923,0.10988,0.11468,0.74472,0.73988,0.74036,16.53452,16.35736,16.56844,16.70256,16.63788,17,17,13,13,13,4,4,4,4,4,42,39,59,59,61,82.80076,0.423190377121669,0.423241519825387,0.154782099252527,0.15536777402763,0.155150790153512,0.431478141578762,0.431358280836081,0.122137922607097,0.12288856295572,0.122665973966149,0.919377823731178,0.917652870322281,0.470645337027133,0.473029490923502,0.472528354352774,-0.02680962287833,-0.0267584801746123,0.00478209925252711,0.00536777402762992,0.00515079015351179,0.0229163184828047,0.0231361121350596,0.00455518697778134,0.00455108455395806,0.00451287889266592,17.5508343220701,0.08172,0.91828,2.43688,1.07352
4,0.45,1,0.985,0.275,2,7,16,1,0.5,3,0.45,0.45,0.45,0.15,0.15,0.77436,0.77616,0.78176,0.01568,0.0142,0.02944,1.01494565217391,0.09532,0.09708,0.09148,0.73208,0.73344,18.4154,18.4428,18.49524,18.63976,18.57124,19,19,19,14,14,4,4,4,4,4,44,43,44,61,65,92.56444,0.428681818028394,0.428327076433936,0.429794749389137,0.158191169051636,0.157507195127637,0.431855190300938,0.431256675573713,0.433411342733688,0.124446323660162,0.123481551057389,0.933598975968383,0.933213174642865,0.93541426156466,0.48360857230099,0.48097985638104,-0.021318181971608,-0.0216729235660635,-0.0202052506108617,0.00819116905163582,0.00750719512763729,0.0188039021187773,0.0187825762951607,0.0185814362573364,0.00466073399781334,0.00466917870439702,19.6487798441679,0.05036,0.94964,3.1344,0.88844
4,0.45,1,0.985,0.275,2,7,16,1,0.5,4,0.45,0.45,0.45,0.45,0.15,0.82096,0.81864,0.82352,0.82328,0.01956,0.01956,1,0.08104,0.08072,0.07936,0.08236,0.72144,20.1064,20.19036,20.17716,20.11016,20.55192,21,21,21,21,15,4,4,4,4,4,44,44,46,46,70,101.136,0.433215776270378,0.432374604606063,0.434058218726574,0.433880746949616,0.161998408583712,0.43274136281699,0.431462485050622,0.433542927281899,0.433483958868731,0.126159911149171,0.945080646898015,0.946028174687548,0.947169335116967,0.944293097618931,0.495459890675096,-0.0167842237296236,-0.0176253953939353,-0.0159417812734251,-0.0161192530503826,0.0119984085837119,0.0157107250386183,0.0153987867834642,0.0152121834090526,0.0157648314365403,0.0051207859699346,21.2877893688545,0.03652,0.96348,3.83312,0.64912
4,0.45,1,0.985,0.275,2,7,16,1,0.5,5,0.45,0.45,0.45,0.45,0.45,0.86804,0.86804,0.86964,0.87008,0.87024,0,0,0.0644,0.0624,0.06184,0.06272,0.0598,21.8034,21.80272,21.797,21.7798,21.87096,23,23,23,23,23,4,4,4,4,4,48,46,46,49,45,109.05388,0.44061465607293,0.440135355635432,0.442448991675223,0.441249259724624,0.441856917996177,0.437058579312565,0.436539285071738,0.439538003378589,0.437826790841563,0.438742774082657,0.958508268624244,0.958683687500546,0.959609121637355,0.958371763630075,0.960476503707649,-0.00938534392706887,-0.00986464436456745,-0.00755100832477782,-0.00875074027537676,-0.00814308200382323,0.0125279891361051,0.0126305160637575,0.0126456682738178,0.012818915231767,0.0124373761593872,22.7250323962295,0.04296,0.95704,4.49644,0.3428
4,0.45,1,0.985,0.275,2,7,16,1,2,0,0.15,0.15,0.15,0.15,0.15,0.01108,0.01096,0.00984,0.00988,0.01172,0.05076,1.05358550039401,0.71308,0.71184,0.7148,0.71348,0.71524,11.92068,11.94408,11.98596,12.00484,11.94304,9,9,9,9,9,4,4,4,4,4,40,37,43,42,40,59.7986,0.147731592923703,0.148163437304839,0.147871626399359,0.147737300844676,0.14759300362077,0.115386848344227,0.115994030448915,0.115813845300579,0.115749768566243,0.115339354710669,0.438378391181527,0.440154596463103,0.440003417292471,0.439167705917552,0.437937846546089,-0.00226840707629672,-0.00183656269516178,-0.00212837360064061,-0.00226269915532358,-0.0024069963792302,0.00494630146711415,0.00502363913370014,0.00484255405583428,0.00486897812863636,0.0049772099560399,19.765376538913,0.2288,0.7712,1.42068,1.37808
4,0.45,1,0.985,0.275,2,7,16,1,2,1,0.45,0.15,0.15,0.15,0.15,0.90328,0.01316,0.01444,0.01412,0.01396,0.0536,1.03880597014925,0.06924,0.63596,0.64308,0.64,0.6358,31.85936,11.0238,10.97348,10.98736,11.07692,34,9,9,9,9,4,4,4,4,4,68,38,41,35,35,75.92092,0.43394832301533,0.155185353295105,0.154910199721924,0.155248181529525,0.155210762206979,0.444340990766778,0.112242454146408,0.111575200671418,0.112037670795281,0.112421360980054,0.969363327107328,0.448153262557587,0.447054092745923,0.448519003766483,0.448120102902112,-0.0160516769846703,0.00518535329510553,0.00491019972192378,0.00524818152952592,0.00521076220697953,0.0123172749889586,0.00619526201670902,0.00622031870882983,0.00618217994140213,0.00626741057585924,16.7132252969004,0.1284,0.8716,2.25916,1.41696
4,0.45,1,0.985,0.275,2,7,16,1,2,2,0.45,0.45,0.15,0.15,0.15,0.9022,0.902,0.01752,0.01984,0.01796,0.0534,1.03595505617978,0.06048,0.05964,0.58076,0.57444,0.57384,29.22944,29.20184,10.52512,10.54664,10.55392,30,30,9,9,9,4,4,4,4,4,62,62,35,35,35,90.05696,0.436101156845755,0.436155809993262,0.16189242436599,0.163572439028841,0.163107324967211,0.442972008224783,0.443010033807297,0.109429223966692,0.111517766464036,0.110922846206204,0.969799215628677,0.969774302653766,0.458814751442873,0.463706935151112,0.462511469655767,-0.0138988431542447,-0.0138441900067396,0.0118924243659908,0.0135724390288407,0.0131073249672117,0.0113739995230453,0.0113458055586529,0.00723541629573286,0.00749960108189102,0.00732565470024707,15.1671909840026,0.09464,0.90536,2.9762,1.29132
4,0.45,1,0.985,0.275,2,7,16,1,2,3,0.45,0.45,0.45,0.15,0.15,0.8962,0.89696,0.89376,0.02448,0.02404,0.04736,1.02449324324324,0.05752,0.05648,0.05744,0.53744,0.53708,26.82748,26.87176,26.83308,9.93576,9.9028,28,28,28,9,9,4,4,4,4,4,61,68,67,35,31,100.37088,0.438469206917557,0.43795308551958,0.436945138653924,0.17115547632735,0.171248496468848,0.442279113453169,0.441807840730973,0.440389395978372,0.108665977656276,0.108534786545886,0.967929344202859,0.968229259337621,0.967967194261611,0.47583046627742,0.476226945479276,-0.0115307930824431,-0.012046914480421,-0.0130548613460762,0.0211554763273506,0.0212484964688472,0.0112274934775163,0.0110865736899194,0.0111914804748354,0.0086665443056107,0.00863254486018554,13.8961893567177,0.08196,0.91804,3.52584,1.0186
4,0.45,1,0.985,0.275,2,7,16,1,2,4,0.45,0.45,0.45,0.45,0.15,0.88056,0.88608,0.88824,0.88712,0.02824,0.02824,1,0.06236,0.05984,0.05644,0.05468,0.51716,24.1866,24.27772,24.3298,24.32892,9.05768,25,25,25,25,8,4,4,4,4,4,69,60,60,62,28,106.18072,0.438861990304607,0.440798068113762,0.44138596720438,0.440546761235477,0.180418248875962,0.439014317382276,0.44154932724968,0.442239726562909,0.441205573869695,0.103878363362844,0.963409056566283,0.963785743848105,0.966302247573153,0.966445516382856,0.492576190289338,-0.0111380096953944,-0.00920193188623867,-0.00861403279561993,-0.00945323876452359,0.0304182488759624,0.0118625541873548,0.0119049308638276,0.0114234870750541,0.0114247473177685,0.00962988044949493,12.5985161317579,0.07596,0.92404,3.96672,0.67928
4,0.45,1,0.985,0.275,2,7,16,1,2,5,0.45,0.45,0.45,0.45,0.45,0.86932,0.8712,0.87056,0.86996,0.8668,0,0,0.06072,0.06072,0.06288,0.06172,0.06368,21.83796,21.82888,21.82224,21.83148,21.78364,23,23,23,23,23,4,4,4,4,4,47,45,46,44,44,109.1042,0.441287959390396,0.441226776402177,0.441276194138836,0.44156711325881,0.440585081561196,0.437909729070842,0.437935779065218,0.438017571459377,0.438525081954703,0.436909766816079,0.960139954410109,0.960136631840764,0.959285392694987,0.960063619152727,0.959239277429337,-0.00871204060960431,-0.00877322359782369,-0.008723805861164,-0.00843288674118865,-0.00941491843880403,0.0124581266557217,0.0123122067530853,0.0125319602107907,0.0124241933659475,0.0125412014060465,11.3778433984282,0.04168,0.95832,4.5054,0.34244
4,0.45,1,0.985,0.275,4,7,16,1,1,0,0.15,0.15,0.15,0.15,0.15,0.01624,0.01352,0.0126,0.01288,0.01336,0.0668,1.02694610778443,0.65804,0.66096,0.65856,0.65892,0.65468,12.81036,12.80476,12.85448,12.82784,12.86788,9,9,9,9,9,4,4,4,4,4,40,38,45,40,42,64.16532,0.149122088714345,0.148167415071508,0.148535608561354,0.147849758202951,0.148969679316766,0.114513754279711,0.113358660397637,0.113937948497852,0.113132565452857,0.114424693821179,0.435052830892,0.433255153089034,0.435557137157609,0.431981029788089,0.435992183908767,-0.000877911285655601,-0.00183258492849179,-0.00146439143864638,-0.00215024179704934,-0.00103032068323469,0.00591636371686365,0.00568615780713868,0.00550739242591045,0.00563334195806382,0.00569795736849957,10.6532880373458,0.13296,0.86704,1.6958,1.64024
4,0.45,1,0.985,0.275,4,7,16,1,1,1,0.45,0.15,0.15,0.15,0.15,0.82608,0.01344,0.01392,0.0132,0.0144,0.05344,1.02844311377246,0.08256,0.65588,0.66248,0.6644,0.6586,20.88256,12.83,12.77372,12.75936,12.8006,22,9,9,9,9,4,4,4,4,4,46,39,39,40,40,72.04624,0.438976858289969,0.149309951445991,0.149918516931782,0.149174751448767,0.149947133203965,0.440334224490156,0.112875404798761,0.113577347154033,0.112830943943228,0.113868724132518,0.944049112159465,0.436184378350911,0.437211733515134,0.435276752177606,0.437891311148572,-0.0110231417100312,-0.000690048554009559,-8.14830682178755e-05,-0.000825248551233038,-5.28667960348862e-05,0.018418112875091,0.00571493363375082,0.00575620545407202,0.00568467938664854,0.00579746078684118,10.9289610265768,0.09744,0.90256,2.18912,1.39504
4,0.45,1,0.985,0.275,4,7,16,1,1,2,0.45,0.45,0.15,0.15,0.15,0.82576,0.81696,0.01512,0.014,0.01532,0.04364,1.01833180568286,0.08428,0.08716,0.66112,0.65584,0.65632,21.15156,21.05556,12.79112,12.85684,12.90364,22,22,9,9,9,4,4,4,4,4,46,47,45,43,45,80.75872,0.438630256421644,0.43518602283791,0.150518196039848,0.151597675732405,0.151880742155752,0.438707034760486,0.434904850396136,0.112621983702305,0.113969454450471,0.114543818623593,0.945297043288028,0.94243090462704,0.437824698106289,0.442204840253055,0.443243218722618,-0.0113697435783558,-0.0148139771620877,0.000518196039848477,0.00159767573240477,0.00188074215575197,0.0175192787767021,0.0179387181886895,0.00585868526207004,0.00582141360845317,0.0058237090869404,11.1296677401698,0.07192,0.92808,2.73264,1.16812
4,0.45,1,0.985,0.275,4,7,16,1,1,3,0.45,0.45,0.45,0.15,0.15,0.82308,0.82412,0.82648,0.01376,0.01492,0.02836,1.01128349788434,0.0858,0.08632,0.08496,0.66116,0.65936,21.30508,21.40596,21.28212,12.8196,12.82712,22,23,22,9,9,4,4,4,4,4,47,50,47,42,43,89.63988,0.435661966950719,0.43631295513919,0.436866874638792,0.151991224879099,0.15186875960399,0.434317573633307,0.434956599656372,0.435608351628795,0.112831923064543,0.11254917578161,0.94440030339661,0.944104294631531,0.944635389581246,0.44199333436282,0.441554937572918,-0.0143380330492809,-0.0136870448608084,-0.0131331253612075,0.00199122487909952,0.00186875960399001,0.0169094940629411,0.0170874654570463,0.0169690015163062,0.00594231888603706,0.00598810858778303,11.2895293928525,0.05436,0.94564,3.2848,0.92004
4,0.45,1,0.985,0.275,4,7,16,1,1,4,0.45,0.45,0.45,0.45,0.15,0.82452,0.82348,0.8258,0.83004,0.01524,0.01524,1,0.08856,0.082,0.0862,0.08356,0.65704,21.45316,21.49048,21.47552,21.5766,12.88212,22,22,22,23,9,4,4,4,4,4,45,43,47,44,40,98.87788,0.435477543543816,0.435923465781054,0.435122583375062,0.437345215231526,0.153991992153361,0.432958513110075,0.433492436642929,0.432586374585077,0.43506609494947,0.113465554316496,0.943673805293791,0.946778880072235,0.943987516212903,0.946246151086448,0.447619485244106,-0.014522456456184,-0.0140765342189464,-0.0148774166249392,-0.0126547847684746,0.0039919921533605,0.0166874886353674,0.0161907152933144,0.0165809537897124,0.0163514295805224,0.00606476586523006,11.3917710779672,0.04132,0.95868,3.86376,0.68356
4,0.45,1,0.985,0.275,4,7,16,1,1,5,0.45,0.45,0.45,0.45,0.45,0.83004,0.8308,0.83176,0.82832,0.83348,0,0,0.08608,0.08768,0.08496,0.08796,0.0846,21.629,21.58628,21.5844,21.48724,21.65892,23,23,23,22,23,4,4,4,4,4,44,46,43,50,46,107.94584,0.435684190914614,0.436799739069375,0.43584219035687,0.43527077185964,0.436860014230664,0.4321200267241,0.433335884474262,0.432308338624986,0.431494170541616,0.433483049438906,0.945433935489675,0.944961011492899,0.945436917171637,0.943767712878902,0.946243012113566,-0.0143158090853877,-0.0132002609306216,-0.0141578096431287,-0.0147292281403599,-0.0131399857693369,0.0160473673197013,0.0162215139591678,0.0159356968421804,0.0162117918549207,0.0159130612509585,11.4483055494494,0.03276,0.96724,4.4322,0.41432
4,0.45,1,0.985,0.275,4,7,16,1,1,3,0.05,0.15,0.25,0.35,0.45,0,0.01496,0.17488,0.52996,0.82232,0.01496,1,0.917,0.66032,0.39648,0.19648,0.08544,8.73124,12.8042,16.96812,19.78796,21.24384,8,9,19,22,22,4,4,4,4,4,37,42,44,46,49,79.53536,0.0914669908730067,0.151204178391428,0.231174454786949,0.332120931202374,0.435264826115829,0.0379285734537866,0.113242253655655,0.20796766215259,0.322341813480883,0.435665877591411,0.221651866992268,0.441796609957913,0.680862359086223,0.856337630874777,0.943963325864987,0.0414669908730064,0.0012041783914281,-0.018825545213051,-0.0178790687976261,-0.0147351738841712,0.00422926570772817,0.0058217915994268,0.0119615958075756,0.0170617023312879,0.0173683061678127,11.230285379769,0.06004,0.93996,2.65404,1.20216
4,0.45,1,0.985,0.275,4,7,16,1,1,4,0.15,0.3,0.3,0.3,0.45,0.01428,0.3448,0.34228,0.33928,0.82368,0.01428,1,0.65396,0.28276,0.28804,0.28504,0.086,12.91096,18.75912,18.68656,18.71364,21.73168,9,21,21,21,23,4,4,4,4,4,40,44,44,44,48,90.80196,0.153572728759913,0.279260777051709,0.277892343397948,0.278250108640371,0.429953850619453,0.113694865736711,0.261978819717099,0.260125854806647,0.260692248253068,0.430251083352623,0.452628105418472,0.786342714777915,0.783183533169467,0.783290608761104,0.944283701217688,0.00357272875991326,-0.0207392229482895,-0.0221076566020508,-0.0217498913596298,-0.0200461493805483,0.00570984272591821,0.0137870101884409,0.0138614746964859,0.0140033471639673,0.0166177265546013,11.5139205593236,0.0246,0.9754,3.35964,1.53988
4,0.45,1,0.985,0.275,4,7,16,1,1,3,0.15,0.15,0.3,0.3,0.3,0.0136,0.01292,0.3392,0.33408,0.33888,0.02636,1.00606980273141,0.661,0.65796,0.28316,0.28688,0.28432,12.83612,12.90052,18.70832,18.61796,18.73156,9,9,21,21,21,4,4,4,4,4,45,41,42,45,42,81.79448,0.151438615467581,0.151049232553013,0.277772609770838,0.276539176268473,0.277622746828207,0.112911646515575,0.112662879688207,0.2625404168238,0.260938354331753,0.262318594373002,0.446205498657337,0.445650823194814,0.784280830495677,0.780172682181365,0.78379596657884,0.00143861546758083,0.00104923255301235,-0.0222273902291614,-0.0234608237315262,-0.0223772531717937,0.00560296081957865,0.00558357040900802,0.0140245945845033,0.0142546754785555,0.0139728823795021,11.4551248045843,0.03304,0.96696,2.795,1.788
4,0.45,1,0.985,0.275,4,7,16,1,0.5,0,0.15,0.15,0.15,0.15,0.15,0.01456,0.01468,0.0136,0.01308,0.01408,0.06816,1.02699530516432,0.65816,0.65312,0.66208,0.6578,0.66528,12.833,12.9228,12.76868,12.86452,12.70228,9,9,9,9,9,4,4,4,4,4,41,40,39,41,41,64.09128,0.147771761233772,0.149000460710101,0.147735078060121,0.148598863199106,0.147604398317793,0.112990529285443,0.114458576210262,0.112673224606119,0.114058793108968,0.112567077028434,0.431708691315571,0.436160500524339,0.431075450264819,0.434969246068844,0.43006313069555,-0.00222823876622772,-0.000999539289899351,-0.00226492193987905,-0.00140113680089369,-0.00239560168220692,0.00575898269830933,0.00576152969168238,0.00589338085677248,0.0057704986135435,0.00578502319888358,10.6249659875132,0.1342,0.8658,1.68864,1.63356
4,0.45,1,0.985,0.275,4,7,16,1,0.5,1,0.45,0.15,0.15,0.15,0.15,0.70316,0.01368,0.01336,0.01284,0.01348,0.052,1.02615384615385,0.08932,0.7084,0.70748,0.70648,0.70156,14.16012,15.10432,15.16712,15.1402,15.2472,15,11,11,11,11,4,4,4,4,4,33,50,51,57,57,74.81896,0.439376548630559,0.148847557109577,0.148498140944154,0.14934592342011,0.149106341571764,0.441384415551045,0.118376461655572,0.118153981731082,0.119098716442247,0.118908724046416,0.915529185253788,0.442296537217686,0.441575268292088,0.444204341255932,0.443317194153001,-0.0106234513694402,-0.00115244289042239,-0.00150185905584654,-0.000654076579890508,-0.000893658428236213,0.0267232322042886,0.005019673565907,0.00509187665130915,0.00519359394795354,0.00504206346766845,14.7135610775422,0.1014,0.8986,2.00196,1.33024
4,0.45,1,0.985,0.275,4,7,16,1,0.5,2,0.45,0.45,0.15,0.15,0.15,0.74816,0.75112,0.01288,0.01296,0.01456,0.03956,1.02123356926188,0.09,0.08824,0.73276,0.73036,0.7272,16.67748,16.77388,16.86812,16.85592,16.9634,17,18,13,13,13,4,4,4,4,4,40,39,60,66,57,84.1388,0.434948204820762,0.436048189956057,0.149881175841997,0.149485811449833,0.151032242114252,0.434336189260971,0.435592665544153,0.122011054095774,0.121380844972553,0.123378431871296,0.924202822065241,0.926937515571227,0.450504052408527,0.449158381231533,0.454553597099866,-0.0150517951792388,-0.0139518100439441,-0.000118824158003606,-0.000514188550166998,0.0010322421142528,0.0225245209016979,0.0221226094513321,0.00471469936131688,0.00469696074759246,0.00475505005483642,17.6074160545412,0.06752,0.93248,2.52236,1.09176
4,0.45,1,0.985,0.275,4,7,16,1,0.5,3,0.45,0.45,0.45,0.15,0.15,0.7812,0.77572,0.77968,0.01172,0.01212,0.02368,1.00675675675676,0.08864,0.09124,0.09084,0.754,0.74616,18.62832,18.61644,18.5728,18.12656,18.26664,19,19,19,14,14,4,4,4,4,4,41,42,47,62,61,92.21076,0.435055573327857,0.433418657208467,0.433923772247531,0.150725544817192,0.150953178613992,0.433108008577858,0.431155715609669,0.43177968850759,0.124222876545663,0.124666585914417,0.93311774789956,0.930807150436442,0.931836170833863,0.455510340761057,0.456039553797026,-0.0149444266721417,-0.016581342791534,-0.016076227752468,0.000725544817192203,0.000953178613991901,0.0197784827357996,0.0200765745421,0.0199211500631189,0.00453175198964644,0.0045008663890063,19.736862468736,0.04744,0.95256,3.115,0.86868
4,0.45,1,0.985,0.275,4,7,16,1,0.5,4,0.45,0.45,0.45,0.45,0.15,0.80156,0.80372,0.8064,0.80452,0.01328,0.01328,1,0.0914,0.08964,0.08524,0.08944,0.76496,20.12,20.16408,20.22396,20.15248,19.4046,21,21,21,21,14,4,4,4,4,4,44,48,45,46,62,100.06512,0.433653835669891,0.434050487438629,0.435369833140885,0.434152260221453,0.15224698056188,0.430398271713014,0.430873293737327,0.43246632355478,0.431021174823958,0.127133444567399,0.936903546848551,0.937405154185208,0.940303424035529,0.938051239825567,0.462655281787062,-0.0163461643301107,-0.0159495125613721,-0.0146301668591129,-0.0158477397785468,0.00224698056188024,0.0180324584349398,0.0179412869182871,0.0175894619794969,0.0178483150966012,0.00444868171669361,21.4180293091439,0.03404,0.96596,3.76816,0.64984
4,0.45,1,0.985,0.275,4,7,16,1,0.5,5,0.45,0.45,0.45,0.45,0.45,0.832,0.83128,0.83048,0.83108,0.83112,0,0,0.08336,0.08316,0.08556,0.08496,0.0872,21.64332,21.66248,21.5962,21.61268,21.57592,23,23,23,23,23,4,4,4,4,4,41,46,45,44,44,108.0906,0.437410024642744,0.437036900998985,0.435140008381282,0.436301477565386,0.435745347434457,0.434071740283258,0.433602068386354,0.4314753685254,0.432783959315302,0.432203605957391,0.947257327237608,0.946254669159575,0.945444056579398,0.945452449958906,0.945479959103051,-0.0125899753572571,-0.0129630990010137,-0.0148599916187184,-0.0136985224346129,-0.0142546525655431,0.0158288558091191,0.0159660492434621,0.0160852864424899,0.0159513995509966,0.0158948961618575,22.8900929562385,0.03224,0.96776,4.44148,0.4198
4,0.45,1,0.985,0.275,4,7,16,1,2,0,0.15,0.15,0.15,0.15,0.15,0.0144,0.014,0.01324,0.01688,0.0146,0.07068,1.03452178834182,0.6654,0.65748,0.66032,0.65484,0.66132,12.72556,12.82172,12.7946,12.89048,12.8252,9,9,9,9,9,4,4,4,4,4,39,45,42,39,40,64.05756,0.14771377078643,0.14906524036652,0.148166230706458,0.149707277153953,0.14838843632867,0.11267445060684,0.114335272367322,0.113278515543372,0.115341618185727,0.113760609074502,0.431412364933057,0.436507431013013,0.432996020974631,0.437161368787671,0.433687169942594,-0.00228622921357015,-0.000934759633480581,-0.00183376929354162,-0.000292722846046965,-0.00161156367132967,0.00570754736116273,0.00576275734091666,0.00570410071098377,0.00592952685809308,0.0057168818030246,21.2014131619913,0.13908,0.86092,1.68568,1.62752
4,0.45,1,0.985,0.275,4,7,16,1,2,1,0.45,0.15,0.15,0.15,0.15,0.92576,0.01548,0.0166,0.01428,0.01492,0.06004,1.02065289806795,0.04988,0.63048,0.63092,0.62856,0.6296,32.4236,11.06868,11.07608,11.1032,11.0878,34,9,9,9,9,4,4,4,4,4,69,42,39,38,39,76.75936,0.443672078978462,0.153012060712727,0.153772335332003,0.153263590214888,0.153689711246009,0.44550934518917,0.11239826654074,0.113395583889326,0.112837665569064,0.113360660404954,0.97628366417034,0.437797798841381,0.439487380749956,0.439147329116656,0.439381767595011,-0.0063279210215359,0.00301206071272647,0.00377233533200319,0.00326359021488895,0.00368971124600913,0.0105059534592104,0.00674414902132746,0.00695318562356731,0.00663919795649793,0.00692613806571607,16.8898492975431,0.11456,0.88544,2.313,1.44352
4,0.45,1,0.985,0.275,4,7,16,1,2,2,0.45,0.45,0.15,0.15,0.15,0.90144,0.90056,0.01468,0.01464,0.01436,0.04308,1.01392757660167,0.059,0.06076,0.60856,0.60776,0.60348,28.8566,28.82108,10.15292,10.14912,10.22068,30,30,8,8,8,4,4,4,4,4,66,61,42,37,33,88.2004,0.442587955745264,0.442264853119575,0.155639399620905,0.155590906470731,0.156188220722117,0.443403613338302,0.442999686423979,0.110293288420305,0.110174610858693,0.111098480719668,0.969165641633051,0.968070912658942,0.438035536341725,0.43891409615647,0.44112822673805,-0.00741204425473651,-0.00773514688042513,0.00563939962090421,0.0055909064707303,0.00618822072211641,0.0120055444284165,0.0121364264141306,0.00754764857258488,0.00735116869791713,0.00736818468853561,15.0068707759919,0.10012,0.89988,2.87016,1.21476
4,0.45,1,0.985,0.275,4,7,16,1,2,3,0.45,0.45,0.45,0.15,0.15,0.88352,0.8878,0.8824,0.01724,0.01564,0.03248,1.01231527093596,0.0662,0.0622,0.06512,0.58228,0.58672,26.41244,26.51008,26.44384,9.45152,9.45524,27,27,27,8,8,4,4,4,4,4,62,57,60,33,32,98.27312,0.440744437085813,0.441758168877159,0.44012936684866,0.158168039408538,0.157385629519513,0.44050024908976,0.441561563353185,0.439733599127987,0.107916373950847,0.107025896749948,0.963093939691882,0.96525092951423,0.963622694544026,0.439185803711457,0.438814416026391,-0.0092555629141862,-0.00824183112283984,-0.00987063315133969,0.00816803940853696,0.00738562951951343,0.0130311152244277,0.0126176112980194,0.0129097848174253,0.00819925526159379,0.00774370100648889,13.7833446223149,0.08512,0.91488,3.4012,0.95088
4,0.45,1,0.985,0.275,4,7,16,1,2,4,0.45,0.45,0.45,0.45,0.15,0.85868,0.8634,0.86276,0.86324,0.01868,0.01868,1,0.07352,0.07292,0.07252,0.0712,0.55644,24.07564,24.10256,24.1828,24.15064,8.73632,25,25,25,25,7,4,4,4,4,4,59,56,64,59,28,105.24796,0.437679304000013,0.440306254521686,0.439518149854031,0.439647558908936,0.160019093762761,0.435936728632961,0.438828027291164,0.437872655452919,0.438099977774817,0.103834249976601,0.956911394062732,0.957276748728531,0.956334431158816,0.957588330898338,0.440005715637871,-0.0123206959999872,-0.00969374547831456,-0.0104818501459687,-0.0103524410910658,0.0100190937627601,0.0139138031902148,0.0140454056515976,0.0141677995507096,0.0139803207570851,0.00836578593685652,12.6469854205453,0.06848,0.93152,3.904,0.68664
4,0.45,1,0.985,0.275,4,7,16,1,2,5,0.45,0.45,0.45,0.45,0.45,0.8272,0.83184,0.83264,0.83276,0.83372,0,0,0.0894,0.08444,0.0858,0.08508,0.08508,21.53644,21.5834,21.59128,21.60628,21.61636,23,23,23,23,23,4,4,4,4,4,46,47,46,45,45,107.93376,0.434879984133027,0.435586194799493,0.436752724728547,0.436576468041558,0.436758387323401,0.431121463140242,0.432051867199407,0.433318373075854,0.433119925024469,0.433305584408959,0.942559078154606,0.94603235530077,0.945717376966573,0.946301719616732,0.946368728649601,-0.0151200158669736,-0.0144138052005069,-0.0132472752714537,-0.0134235319584416,-0.0132416126766005,0.0165651166384737,0.0158516703306504,0.0160643169403172,0.0158981647378698,0.0159372212619087,11.4474299830941,0.03384,0.96616,4.42752,0.41204
